Role,Input
assistant,"Amy sat in the waiting room, tapping her foot anxiously. This was her fifth chance to get it right, and she couldn't afford to mess it up again. She had failed so many times before, but she had to keep trying.The door finally opened and a stern-looking woman beckoned her inside. Amy followed her into a small room and sat down at the table. The woman began to ask her questions, and Amy did her best to answer them truthfully. She didn't want to give the wrong impression or say something that would make her lose this chance. As the interview went on, Amy's nerves began to get the best of her. She stumbled over her words and lost her train of thought. The woman looked unimpressed and made a note on her clipboard. After what felt like an eternity, the interview was over. Amy left the room feeling defeated. She had tried so hard, but it didn't seem to be enough. As she walked out of the building, she saw a man sitting on the sidewalk with a cardboard sign that read, 'Anything helps.' Amy dug into her pocket and pulled out a few dollars. As she handed them to the man, she noticed something strange. He had a tattoo on his wrist that looked familiar. It was the same one she had. Amy's heart skipped a beat. She turned to the man and asked, 'How did you get that tattoo?' The man looked up at her and smiled. 'I got it when I was trying to turn my life around. It's a symbol of hope.' Amy felt a glimmer of hope herself. Maybe this wasn't the end of the road. Maybe she still had a chance to get it right."
"
Final Story : Amy sat in the waiting room, tapping her foot anxiously. This was her fifth chance to get it right, and she couldn't afford to mess it up again. She had failed so many times before, but she had to keep trying. 
The door finally opened and a stern-looking woman beckoned her inside. Amy followed her into a small room and sat down at the table. The woman began to ask her questions, and Amy did her best to answer them truthfully. She didn't want to give the wrong impression or say something that would make her lose this chance.
 As the interview went on, Amy's nerves began to get the best of her. She stumbled over her words and lost her train of thought. The woman looked unimpressed and made a note on her clipboard.
 After what felt like an eternity, the interview was over. Amy left the room feeling defeated. She had tried so hard, but it didn't seem to be enough. As she walked out of the building, she saw a man sitting on the sidewalk with a cardboard sign that read, ""Anything helps.""
 Amy dug into her pocket and pulled out a few dollars. As she handed them to the man, she noticed something strange. He had a tattoo on his wrist that looked familiar. It was the same one she had.
 Amy's heart skipped a beat. She turned to the man and asked, ""How did you get that tattoo?"" 
 The man looked up at her and smiled. ""I got it when I was trying to turn my life around. It's a symbol of hope."" "
